,0,1,2,3,4,5,6,7,8,9,10,11,12,13,14,15,16,17,18,19,20,21,22,23,24,25,26,27,28,29,30,31,32,33,34,35,36,37,38,39,40,41,42,43,44,45,46,47,48,49,50,51,52,53,54,55,56,57,58,59,60,regioes_id
0,-0.3161,0.1285,0.0199,-0.0317,-0.0126,-0.0005,-0.0112,-0.0209,-0.0069,0.0054,0.0055,-0.0,0.0007,-0.0049,-0.0034,-0.01,-0.0484,0.0138,-0.0625,-0.0009,0.0173,-0.0968,-0.0476,-0.0111,-192.1154,0.0063,-0.0138,-0.2905,1.5521,23.8048,0.1295,0.0023,0.001,-494.6611,-0.0021,-0.009,1.1186,-0.0015,-0.1415,0.0012,-6.9532,-0.0021,-0.0624,0.0583,987979.6799,14420809.1166,82363.2685,0.0024,17.7768,0.0034,0.0026,0.0812,0.0018,-0.0443,-0.0001,984307.5794,16.108,0.0,-0.2821,-0.0001,-0.0,2
1,0.0119,-0.204,-0.0731,-0.0147,0.0152,-0.0214,0.0117,0.0174,0.0071,-0.0053,-0.0055,-0.001,-0.0027,0.0124,-0.0187,0.0092,-0.0024,-0.0096,0.0275,-0.0165,-0.0125,-0.0049,0.0125,0.0001,-446.302,0.003,-0.0073,-0.0786,-2.5033,-10.5346,-0.5719,0.0094,-0.0633,-297.2624,0.0072,0.0163,-1.766,0.0065,-0.02,0.0057,0.8635,0.0303,-0.0533,-0.0772,-477546.3336,-1082111.3522,-336809.9676,-0.0024,-5.958,-0.0019,-0.0013,-0.0282,-0.0021,-0.0765,0.0013,-474114.5485,-42.4101,0.0001,0.0531,0.001,0.0001,4
2,0.773,-0.5803,-0.4233,-0.0353,0.0803,-0.0547,0.0457,0.0321,0.0187,-0.018,-0.0195,-0.0037,-0.0081,0.0154,-0.0329,0.0234,0.1759,-0.0155,0.0776,-0.0384,-0.0334,0.3517,0.0132,0.0112,-146.2411,0.0181,-0.0445,0.5448,-1.6953,-2.4634,-1.3428,-0.0362,-0.2398,-178.5089,0.052,0.0663,-0.9479,0.0361,0.5407,-0.0047,-5.964,-0.0202,0.0094,-0.5432,-30470.3306,-77161.0134,-20398.2294,0.0106,-3.9127,-0.022,-0.0374,-0.4947,-0.0082,-0.0262,0.0149,-29431.5241,-19.7433,0.0049,0.2132,0.0016,0.0255,5
3,0.4566,0.153,0.0521,0.0353,0.0026,0.0172,0.0019,-0.0033,-0.0001,-0.0009,-0.0009,0.0,-0.0001,-0.0117,0.0185,0.0017,0.0325,-0.0129,0.034,0.0148,-0.0175,0.0649,0.031,0.0095,0.8162,0.0003,0.0036,0.513,0.7138,5.4895,0.0404,0.0008,0.0341,-19.5922,-0.0068,-0.0007,0.2689,-0.0078,0.1809,0.0005,3.9042,0.0203,-0.0879,-0.1219,22313.9025,483698.9492,-3910.1185,-0.0003,1.359,0.0024,0.0017,-0.0311,-0.0002,-0.0763,0.0,21594.071,-0.0135,0.0,0.2122,0.0002,0.001,7
4,-1.032,-0.2749,0.0988,-0.0411,-0.0154,-0.0013,-0.0136,-0.0217,-0.0073,0.0064,0.0066,0.0001,0.0012,-0.0026,-0.0035,-0.0116,-0.1289,0.0203,-0.0678,-0.0033,0.0244,-0.2578,-0.0489,-0.0141,-150.1514,0.0033,-0.0079,-1.0022,1.4308,7.0502,0.191,0.0086,0.0229,-210.3768,-0.0049,-0.0117,0.9089,-0.0045,-0.6075,0.0052,-2.8962,0.0005,-0.035,-0.7103,157909.5324,40717.5187,18934.9139,0.0126,2.8845,0.0047,0.0041,-0.3286,0.0065,-0.0399,-0.0001,158504.6973,5.0459,0.0,-0.3494,-0.0002,-0.0002,8
5,-0.379,0.032,-0.05,-0.0068,-0.0076,0.0078,-0.0092,-0.0179,-0.0038,0.0047,0.0047,0.0001,0.0012,-0.0095,0.0044,-0.0094,-0.0447,0.011,-0.0413,0.0065,0.0083,-0.0893,-0.0319,-0.0036,7.8328,0.0058,-0.0195,-0.4284,1.4588,12.8133,0.1375,0.0028,0.015,-11.7499,-0.007,-0.0095,0.6996,-0.0084,-0.354,0.0011,1.3748,0.0073,-0.0117,0.2023,21804.2263,209346.6659,2242.1892,0.002,1.6475,0.0062,0.006,0.1678,0.0007,-0.0492,0.0004,20532.2939,0.067,0.0,-0.1704,-0.0002,-0.0014,10
6,-1.0462,-0.5189,0.1075,-0.0435,-0.0165,-0.0046,-0.013,-0.0157,-0.0051,0.0059,0.0061,-0.0008,0.0001,0.0054,-0.0118,-0.0102,-0.1537,0.011,-0.0478,-0.0102,0.0064,-0.3073,-0.0352,-0.015,-16.6017,0.005,-0.0151,-0.9089,0.5635,-5.6867,0.2581,0.0166,0.0305,-41.026,-0.0139,-0.015,0.2423,-0.0116,-0.6375,0.0096,1.2265,0.023,-0.1171,-0.5942,2551.564,-119500.5196,2276.7934,0.0446,0.0408,-0.0018,-0.0031,-0.4223,0.0294,-0.0803,0.0,1426.5878,3.1185,0.0001,-0.3448,0.0005,-0.0028,11
7,1.4895,0.1472,-0.0499,0.0669,0.008,0.0438,0.0064,0.0206,0.0062,-0.0029,-0.003,0.0015,0.0015,-0.0235,0.0466,0.0052,0.2322,-0.034,0.0868,0.0397,-0.0323,0.4643,0.0773,0.0187,30.1873,-0.0138,0.0116,1.4152,-0.559,15.6042,-0.4582,-0.0268,0.0412,29.9825,0.0026,-0.0008,-0.1976,0.0054,0.7758,-0.0129,0.8723,-0.0081,-0.0147,1.0607,27018.6686,434389.0983,317.8996,-0.0366,1.7496,0.0009,-0.0031,0.6978,-0.0249,0.0651,0.0003,22852.8404,-7.5155,-0.0005,0.4311,-0.0009,0.0012,12
8,1.4268,1.8106,-0.3018,0.0872,0.009,0.0076,0.0019,-0.0051,0.0029,0.0002,-0.0002,0.0023,0.0037,-0.0029,-0.0003,-0.0034,0.1855,0.0118,0.009,0.0071,0.0055,0.371,-0.0013,0.024,9.3905,0.0064,0.0216,1.3523,0.7154,10.5107,0.5619,-0.0021,0.0169,14.3215,0.0001,-0.0026,0.1355,-0.003,0.8064,-0.0079,0.3654,0.0116,0.055,1.295,3102.3146,97323.6074,6382.6001,-0.0346,0.6934,0.0109,0.0205,1.0859,-0.0158,-0.0074,0.0002,5163.6299,4.6829,0.0046,0.5207,-0.0017,0.0082,13
9,0.0461,-0.2261,-0.0329,-0.0159,0.0163,-0.0186,0.0055,0.0128,0.0105,-0.0011,-0.0017,-0.0015,-0.0018,0.0013,-0.01,-0.0025,0.0109,0.0018,-0.002,-0.0124,0.0088,0.0217,-0.0087,0.0001,-25.8572,0.0003,0.0015,0.0917,-0.1083,-1.5831,0.2416,-0.0086,-0.0482,-18.0419,0.0061,0.0066,-0.0159,0.0043,0.1118,-0.0076,0.6785,0.011,0.0489,-0.1102,-15734.7686,-48522.4796,-8302.7247,0.0034,1.2312,0.0184,0.0243,0.2107,0.0071,-0.0688,0.003,-12380.6085,0.2981,0.0004,-0.1005,0.0016,-0.0006,14
10,-0.2293,-0.0882,0.0567,-0.0242,0.0002,-0.0069,-0.0063,-0.0008,0.0058,0.0039,0.0038,-0.0005,0.0004,0.0015,-0.0055,-0.0091,-0.052,0.0108,-0.0319,-0.0019,0.021,-0.104,-0.0235,-0.006,-14.8599,0.0005,0.0012,-0.2412,-0.0375,-0.9434,0.0341,0.0123,-0.004,-14.7764,-0.0011,-0.0036,-0.0212,-0.0003,-0.1774,0.0067,-0.4755,-0.0066,0.0551,-0.6177,-4042.5463,-8395.0329,-3490.675,0.0201,0.5609,0.0015,0.0031,-0.2309,0.0055,0.0066,0.0017,-3682.5431,1.1711,0.0001,-0.017,0.0005,-0.0007,15
11,-0.133,-0.6379,0.1429,-0.042,-0.0023,-0.0091,-0.0004,-0.0073,-0.0028,-0.0002,0.0,-0.0001,-0.0002,0.0026,-0.0102,0.0016,-0.0137,0.0028,-0.0257,-0.0111,0.0013,-0.0274,-0.0226,-0.0111,57.299,0.0069,-0.0241,-0.0394,0.8912,15.4537,0.0231,-0.0001,-0.0265,19.4154,-0.0007,0.0008,0.5274,-0.0012,0.0077,-0.0004,0.826,0.0072,-0.055,-0.3526,49913.0249,853396.9811,3117.0895,0.0043,1.7033,0.0076,0.0087,-0.1034,0.0045,-0.0561,0.0,49141.0184,5.6936,-0.0,0.0983,0.0001,-0.0001,16
12,-0.1516,-3.6444,0.6618,-0.3562,-0.0825,-0.0583,-0.0561,-0.0861,-0.0367,0.0238,0.0254,0.0021,0.0077,0.0167,-0.0635,-0.0344,-0.0345,0.0637,-0.3109,-0.0539,0.0622,-0.0689,-0.23,-0.1097,113.8929,0.0316,-0.103,-0.0597,2.3414,21.8,0.3173,0.0017,0.0542,-1.5085,-0.0448,-0.0515,1.1692,-0.0405,-0.4493,-0.0038,4.0164,0.0329,-0.1013,-0.0187,37982.2344,414840.8137,4493.1211,-0.0034,2.626,0.0128,0.0153,0.27,0.0022,-0.12,-0.0024,37113.5404,3.8714,-0.0004,-0.2586,-0.0041,-0.0056,17
13,-0.561,-0.5197,0.0527,-0.1437,-0.0506,-0.0238,-0.0431,-0.0929,-0.0296,0.0202,0.0208,0.0019,0.0068,0.0065,-0.0392,-0.0362,-0.087,0.0757,-0.2433,-0.0284,0.0608,-0.1741,-0.1869,-0.0486,42.434,0.0272,-0.0397,-0.3581,3.4751,21.0746,0.6225,0.0023,0.1082,4.411,-0.0383,-0.0538,1.5057,-0.0405,-0.404,-0.0064,1.545,0.0229,-0.1041,0.2256,21374.9735,173876.9839,2619.8097,-0.0081,0.8044,-0.0021,0.0185,0.3635,0.0002,-0.0029,-0.0028,21225.7135,1.8084,-0.0003,-0.3827,-0.0026,-0.0184,18
14,0.1687,2.4221,0.3117,0.0776,0.0461,-0.0064,0.0155,0.0199,0.0213,-0.004,-0.0049,-0.0009,-0.0014,0.0027,-0.0056,0.0003,0.0328,-0.0008,0.0378,-0.0105,-0.0066,0.0656,0.0149,0.0309,-28.2713,-0.0024,0.0316,0.1805,-0.1867,-0.5032,-0.0432,-0.0048,-0.0205,-24.9099,0.0104,0.0113,-0.0959,0.0078,0.1942,-0.0012,0.564,0.0142,-0.0668,0.438,-4849.9761,-25802.4979,-873.6144,-0.0272,-0.1927,-0.0082,-0.0083,-0.0094,-0.0102,-0.0022,0.0039,-4369.3286,-0.8409,0.0005,0.422,0.0013,0.0057,24
15,-0.4368,-0.4242,0.056,-0.0446,-0.0292,0.002,-0.0225,-0.051,-0.017,0.0103,0.0106,0.003,0.0058,0.0028,-0.016,-0.0178,-0.0818,0.0366,-0.101,-0.0085,0.031,-0.1636,-0.0779,-0.0185,10.2997,0.0266,-0.028,-0.3806,0.9778,1.7689,0.2558,0.0052,0.0424,0.2873,-0.022,-0.0259,0.3034,-0.0252,-0.3271,-0.0034,0.1948,0.0146,0.0051,0.4245,3185.7535,13300.0062,606.8947,-0.0166,0.032,-0.0012,-0.0003,0.4977,-0.031,-0.0067,-0.0031,3100.9836,-0.616,0.0067,-0.0829,-0.0038,0.0046,26
16,-1.1309,-1.357,0.22,-0.0487,-0.016,0.0065,-0.0131,-0.0195,-0.0076,0.006,0.0062,0.0003,0.0016,-0.008,0.0084,-0.0107,-0.1243,0.0102,-0.039,0.0026,0.0154,-0.2487,-0.0243,-0.0162,13.2561,0.0037,-0.028,-1.0893,0.5983,-2.7674,0.0661,0.005,0.0178,1.2746,-0.006,-0.0097,0.337,-0.0054,-0.7104,0.0032,0.8,0.0027,-0.063,-0.7837,7815.909,-11662.3974,838.2787,0.0199,1.2371,0.0006,0.0007,-0.2508,0.0085,-0.007,0.0001,7497.2571,0.4659,-0.0,-0.2538,-0.0006,-0.0039,28
17,0.2211,-0.2821,-0.0346,-0.0127,-0.0042,-0.0002,0.0024,-0.0034,-0.0039,-0.0022,-0.0019,-0.0004,-0.001,0.0024,-0.0057,0.007,0.0242,-0.0092,0.0021,-0.0153,-0.0131,0.0483,0.005,-0.0042,-14.6093,-0.0021,-0.0064,0.1744,-0.0746,0.0759,0.0233,0.0099,-0.0388,-12.216,0.0092,0.0074,-0.0258,0.0063,0.1711,0.0087,-1.6038,0.0048,-0.0328,0.0253,-105.8341,-668.7707,149.3162,-0.0007,-1.4421,-0.0047,-0.015,0.0649,-0.0138,-0.0404,-0.0025,-248.2812,1.612,0.0004,0.1303,0.0003,0.0029,31
18,-0.2394,-0.837,0.0864,-0.0365,-0.0149,0.0036,-0.0135,-0.0259,-0.0083,0.0065,0.0066,0.0,0.0011,-0.0098,0.0008,-0.0122,-0.0442,0.0146,-0.0635,0.0028,0.0167,-0.0883,-0.0457,-0.0129,-436.3508,0.005,-0.0136,-0.1869,1.8937,33.0031,0.1368,0.0023,0.0192,-769.2627,-0.0048,-0.0106,1.3386,-0.0048,-0.1312,0.001,-7.6163,-0.0009,-0.0508,0.2374,628335.4033,5733105.0585,67018.3165,0.0032,16.3259,0.002,0.0015,0.1999,0.0023,-0.0385,-0.0,625914.0366,13.238,0.0,-0.2944,-0.0001,-0.0,41
19,0.0375,-0.3084,-0.0918,0.0047,0.019,-0.0157,0.012,0.015,0.0076,-0.005,-0.0053,-0.0009,-0.0022,0.0086,-0.0129,0.0072,0.0062,-0.0084,0.036,-0.0168,-0.0148,0.0124,0.0181,0.0059,-510.6065,0.0012,-0.0056,-0.0574,-0.8719,-6.3628,0.4426,0.0042,-0.0575,-405.0837,0.0073,0.0168,-0.7457,0.0061,-0.0219,0.0038,0.7612,0.0388,-0.0772,-0.1347,-235529.3816,-730066.0542,-120930.2558,-0.0027,-8.1737,-0.0108,-0.0103,-0.1603,-0.0021,-0.0636,0.0019,-233961.8529,-53.5328,0.0001,0.0855,0.0012,0.0007,43
20,0.5736,0.18,-0.3245,0.0217,0.0895,-0.042,0.0528,0.0392,0.0202,-0.0213,-0.0228,-0.0052,-0.0106,0.0109,-0.0168,0.0296,0.1265,-0.0279,0.1214,-0.022,-0.0522,0.253,0.0503,0.0278,-148.7436,0.0163,-0.0346,0.3436,-1.9341,-4.3591,-1.2592,-0.0224,-0.2435,-171.0273,0.0588,0.0732,-1.0887,0.041,0.4165,0.0033,-7.3073,-0.0139,0.0168,-0.6036,-30023.4335,-79045.0446,-19394.1583,0.0115,-3.9012,-0.0085,-0.0154,-0.3487,0.002,-0.0876,0.0167,-28836.2077,-10.0433,0.0054,0.0847,0.0041,0.0298,44
21,-0.4897,0.0681,-0.0089,0.034,0.0,0.0204,0.0011,-0.0006,-0.0006,-0.0008,-0.0007,-0.0003,-0.0006,-0.0134,0.0219,0.0021,-0.0722,-0.0169,0.031,0.02,-0.025,-0.1444,0.0316,0.0085,5.8293,-0.0001,-0.0052,-0.5193,-0.0452,-16.6425,-0.0258,0.005,0.004,-17.5309,-0.0035,0.0007,-0.1108,-0.0036,-0.35,0.0035,-0.6945,0.0033,-0.056,-0.7275,-32750.1034,-89227.8119,-14673.5618,0.0118,0.3992,0.0059,0.0054,-0.305,0.0089,-0.0375,-0.0003,-31111.6013,5.5258,-0.0001,0.0574,0.0006,-0.0005,46
22,-0.6932,-0.3906,0.0817,-0.0367,-0.0115,0.003,-0.0107,-0.0177,-0.0056,0.0051,0.0053,-0.0,0.0007,-0.0044,0.0017,-0.0092,-0.0874,0.0131,-0.0515,0.0024,0.0202,-0.1748,-0.0353,-0.0121,-98.1966,0.0031,-0.0095,-0.6821,1.0602,6.741,0.1205,0.0058,0.0189,-165.9463,-0.0042,-0.0093,0.6621,-0.0041,-0.4076,0.0034,-5.6592,-0.0028,-0.0482,-0.763,142824.6769,514065.3284,12022.0436,0.0108,-0.1368,0.0022,0.002,-0.3501,0.0073,0.0003,-0.0002,143657.9472,7.1768,0.0,-0.3178,0.0,-0.0002,47
23,-0.8271,-1.0705,0.1067,-0.0391,-0.0135,0.0027,-0.0106,-0.0211,-0.0079,0.0049,0.005,-0.0002,0.0006,-0.0061,0.0003,-0.0083,-0.1019,0.0089,-0.0482,-0.0013,0.006,-0.2037,-0.0349,-0.0131,17.1185,0.0069,-0.0436,-0.8602,1.3163,2.6346,0.1692,0.0048,0.0095,-13.7376,-0.0076,-0.0097,0.6693,-0.0083,-0.5768,0.002,1.5007,0.0158,-0.0312,0.0216,34547.2712,213614.713,3925.2278,0.0029,1.0504,0.0009,0.0027,0.0305,0.0004,-0.0379,0.0,32821.2797,1.5352,-0.0,-0.3408,-0.0001,-0.0024,49
24,-0.3249,-0.2563,0.0343,-0.0697,-0.0227,-0.0113,-0.0208,-0.0286,-0.0087,0.01,0.0102,0.0004,0.0028,0.0039,-0.0157,-0.0189,-0.0448,0.0337,-0.1,-0.0103,0.0373,-0.0896,-0.0768,-0.0231,-25.4955,0.0051,-0.011,-0.2709,1.0303,6.3812,0.1533,-0.0022,0.0277,-49.8924,-0.0109,-0.0189,0.5463,-0.0096,-0.203,-0.0042,0.7132,0.0097,-0.0492,0.7895,10372.5434,35862.8078,1783.0366,-0.0281,0.6501,0.0081,0.0068,0.436,-0.0133,-0.0281,0.0007,8800.5327,0.0565,0.0002,-0.245,-0.0007,-0.0004,50
25,0.0892,0.1163,0.0385,0.0535,0.0071,0.0369,0.0058,0.0186,0.0056,-0.0027,-0.0027,0.0002,-0.0005,-0.021,0.0398,0.0047,0.0318,-0.0299,0.0765,0.0337,-0.0236,0.0636,0.0679,0.0151,30.0163,-0.0131,0.0099,0.1758,-0.6274,-8.6314,-0.2582,-0.0133,0.024,33.2709,0.0042,0.0008,-0.2305,0.0066,0.1988,-0.0059,0.7778,0.0005,-0.0615,-0.2163,76730.5563,426857.945,10272.5489,-0.0075,1.3783,0.0073,0.0008,-0.2772,0.0014,-0.039,0.0,47406.5415,-192.0787,-0.0002,0.1217,-0.0003,-0.0021,51
26,0.9135,2.6848,-0.3699,0.1075,0.01,0.0019,0.0026,-0.0036,0.0041,-0.0002,-0.0006,0.0031,0.0039,0.0005,-0.0013,-0.0027,0.1129,0.0088,0.0228,0.0012,0.0035,0.2257,0.0114,0.0294,6.8574,0.006,0.0299,0.8997,0.7374,1.2834,0.1159,-0.0153,0.0263,11.6086,-0.002,-0.0029,0.0412,-0.0067,0.5836,-0.0081,0.6355,-0.016,0.099,0.83,-2089.106,25081.8687,-5593.017,0.0165,1.139,0.0193,0.0443,0.871,0.0179,0.0177,0.0008,3045.8943,-9.4798,0.0161,0.3808,-0.0035,0.0155,52
27,-0.8843,-4.1489,0.6865,-0.3782,-0.0905,-0.0652,-0.0554,-0.0887,-0.0424,0.0223,0.0242,0.0015,0.0058,0.0204,-0.0746,-0.0289,-0.1291,0.0591,-0.3246,-0.0686,0.0603,-0.2583,-0.2381,-0.1172,126.0247,0.0352,-0.1243,-0.8719,2.0482,15.3986,0.2834,0.0044,0.0212,1.2235,-0.0438,-0.0483,1.0098,-0.0393,-1.015,-0.0017,3.0164,0.0361,-0.1668,-1.0418,47866.956,438399.7266,6433.3301,0.017,0.9908,0.007,0.0081,-0.4469,0.0114,-0.1344,-0.0036,46484.2006,5.9125,-0.0005,-0.6821,-0.0035,-0.0073,53
28,-0.3944,-1.1673,0.1443,-0.1458,-0.0477,-0.0276,-0.0391,-0.0813,-0.0275,0.0181,0.0187,0.0024,0.0071,0.01,-0.047,-0.0321,-0.0638,0.071,-0.2326,-0.039,0.0625,-0.1275,-0.1806,-0.0484,38.1739,0.0265,-0.0487,-0.2277,3.5841,19.8193,0.6689,-0.0022,0.0942,-0.8176,-0.0371,-0.0503,1.5007,-0.0403,-0.334,-0.0094,0.9707,0.0195,-0.0424,0.439,25645.5355,189980.5974,3797.4177,-0.0081,0.2244,-0.0011,-0.001,0.2236,-0.0013,0.0252,-0.0032,24367.6824,0.8878,-0.0002,-0.2771,-0.0031,-0.0103,54
29,-0.3751,-0.2542,0.069,-0.0948,-0.034,-0.0445,-0.029,-0.0684,-0.0209,0.0137,0.014,0.0018,0.0055,0.017,-0.0578,-0.0248,-0.0673,0.0651,-0.1891,-0.0498,0.0589,-0.1345,-0.156,-0.0322,10.417,0.0367,-0.0319,-0.3177,1.1149,2.8418,0.2737,-0.0034,0.0176,-2.1433,-0.0249,-0.0306,0.3564,-0.0281,-0.2933,-0.0097,0.4027,0.0304,-0.0345,-0.0036,3650.3969,11441.821,1026.5648,0.0077,0.2159,0.0191,0.0275,0.167,0.018,-0.0722,-0.0016,2879.6512,3.2584,0.0059,-0.2131,-0.0025,-0.0042,58
30,-0.4708,-0.6962,0.1144,-0.0399,-0.0155,0.0072,-0.0128,-0.0209,-0.0076,0.0059,0.0061,0.0003,0.0017,-0.0092,0.0091,-0.0099,-0.067,0.0089,-0.0423,0.0068,0.0089,-0.134,-0.0258,-0.0138,13.3074,0.0039,-0.023,-0.4364,0.5572,-0.8484,0.069,0.0055,0.0147,1.7914,-0.0054,-0.0093,0.3214,-0.0047,-0.2666,0.0036,1.3177,0.0098,-0.0334,-0.3478,4604.3954,-35976.3383,549.4795,0.0204,1.5883,0.0067,0.0057,-0.0854,0.012,-0.0463,0.0005,4454.5426,0.8753,-0.0,-0.1437,-0.0006,-0.0031,60
31,0.3192,-0.0665,-0.0378,0.0063,-0.0101,0.0153,-0.0051,-0.0067,-0.003,0.0017,0.0021,0.0002,0.0008,-0.0056,0.0186,-0.0003,0.0467,-0.0077,0.0006,0.0059,-0.013,0.0934,0.0134,-0.0009,-16.7433,0.0007,-0.0118,0.2455,-0.0341,0.4944,-0.0017,0.0018,-0.03,-21.9911,0.0054,0.005,-0.0051,0.0033,0.1991,0.0026,-0.691,0.0084,-0.0904,0.0657,-945.9455,-5210.9218,-185.2986,-0.0131,-1.1516,-0.012,-0.0176,-0.0173,-0.0149,0.0201,0.0011,-968.5122,5.9066,0.0006,0.1541,-0.0007,0.0055,63
32,-0.1123,-1.6257,-0.1398,-0.1686,0.0086,-0.0439,0.0094,-0.0001,-0.0022,-0.0048,-0.0048,-0.0004,-0.0018,0.0214,-0.0435,0.0101,-0.013,0.0067,-0.0523,-0.0314,0.0036,-0.026,-0.0589,-0.04,-270.6224,0.0223,-0.0675,-0.3922,-0.3875,-6.0973,-0.0346,0.0033,-0.1486,-399.4935,0.0201,0.0208,-0.2178,0.0135,-0.1861,0.0046,-21.3429,0.0083,-0.0925,-0.9943,2298.8786,-113227.9221,1408.0469,0.0103,-24.7807,-0.004,-0.0051,-0.6393,0.0059,-0.0608,0.0052,2142.9549,-5.2487,0.0003,0.0843,-0.0009,0.0044,77
33,-0.3813,-3.5355,-0.4382,-0.2704,0.0296,-0.0442,-0.0083,-0.0179,0.0103,0.0061,0.0068,-0.0014,-0.0003,0.0058,-0.0178,-0.0085,-0.0554,0.0188,-0.1208,-0.0166,0.0223,-0.1107,-0.1001,-0.0602,-1.0734,0.0179,-0.0768,-0.2708,0.0669,-0.2124,0.0276,0.0058,-0.0613,-8.8175,-0.0044,-0.0037,0.0193,-0.0043,-0.2244,0.004,-0.1428,0.012,-0.1652,-0.4877,47.9855,-44.006,13.5836,0.009,0.0273,0.0048,-0.0021,-0.1201,-0.0023,-0.0796,0.0005,34.5275,0.0101,0.0025,0.0032,-0.0011,-0.0139,85
34,-0.24,-9.3109,0.0484,-0.6457,-0.0418,-0.0451,-0.0436,-0.0481,-0.0036,0.0217,0.0219,0.0002,0.0048,0.0164,-0.0564,-0.0418,-0.0097,0.0715,-0.3236,-0.0403,0.0807,-0.0194,-0.256,-0.1719,2.7257,0.0237,-0.1033,-0.5694,1.4716,21.0806,0.1067,0.0052,-0.0648,-31.6931,-0.0223,-0.0371,0.7368,-0.0224,-0.8146,0.0039,0.5051,0.011,-0.1771,-1.0944,3628.0509,46897.7801,249.8413,0.0113,0.4033,-0.0011,-0.0067,-0.4333,0.0024,-0.0629,0.0002,3372.0163,-0.1419,0.0001,-0.5358,-0.0026,-0.008,251
35,0.8854,-1.5697,-0.5743,-0.284,-0.0056,-0.0311,-0.0154,-0.0002,0.0157,0.0084,0.0085,0.0004,0.0024,0.0082,-0.0247,-0.0162,0.1047,0.0206,-0.1233,-0.0216,0.0316,0.2094,-0.1006,-0.0724,0.6259,0.0106,-0.0316,0.6558,0.3524,8.1977,0.0084,-0.0046,-0.0263,-8.3164,-0.0084,-0.0131,0.1683,-0.0058,0.3188,-0.0029,-0.0608,-0.0141,0.0094,0.2168,179.005,6779.7281,-28.3718,-0.0159,0.4459,0.0087,0.0039,0.1011,-0.0029,0.0342,0.002,253.6927,-0.357,-0.0004,0.1911,-0.0021,0.0016,252
36,0.9263,-2.253,0.1161,-0.2046,-0.0259,-0.0287,-0.0228,-0.0177,0.0005,0.0107,0.011,0.0015,0.0044,0.008,-0.023,-0.0185,0.1129,0.03,-0.1362,-0.0165,0.0338,0.2258,-0.1034,-0.0576,4.3969,0.0115,-0.0448,0.8368,0.3594,8.6579,-0.0104,-0.0143,-0.0103,-1.2252,-0.012,-0.0167,0.1652,-0.0095,0.4595,-0.0123,0.2863,0.0096,-0.0288,0.381,908.724,13993.3474,61.0614,-0.0196,0.3472,0.0089,0.0041,0.102,-0.009,0.0104,-0.0001,822.5383,0.0009,-0.001,0.2587,-0.0042,0.0054,253
37,0.7137,0.5676,-0.0133,-0.0617,-0.0381,-0.0137,-0.027,-0.003,0.0035,0.0119,0.0124,0.0018,0.0053,0.0113,-0.0265,-0.0192,0.0971,0.022,-0.0777,-0.0195,0.0278,0.1943,-0.0572,-0.025,5.3107,0.0052,0.0088,0.6371,0.3156,8.4461,-0.0217,-0.0095,0.0252,4.8238,-0.0152,-0.0171,0.1686,-0.01,0.2568,-0.0073,0.1201,-0.0041,0.0987,0.3769,373.1298,10738.9138,-24.1111,-0.016,0.2378,0.0041,0.0135,0.3728,-0.0044,0.0246,-0.0029,417.8833,-0.1664,-0.0012,0.0154,-0.0028,0.0012,254
38,0.7328,-2.4798,0.2962,-0.1874,-0.0193,-0.0193,-0.0183,-0.022,-0.0043,0.0086,0.009,0.0008,0.0029,0.0066,-0.0231,-0.014,0.0869,0.029,-0.1176,-0.0136,0.0332,0.1739,-0.0937,-0.0517,4.2945,0.0103,-0.024,0.7468,0.5192,9.4558,0.0224,-0.0093,-0.0068,-4.2802,-0.0101,-0.0144,0.2568,-0.0095,0.4662,-0.0088,0.3203,-0.0098,-0.0274,0.5457,883.6803,12520.0493,53.5745,-0.0274,0.9112,0.0056,-0.0043,0.3668,-0.0191,0.0149,0.0009,882.951,-0.3151,-0.0002,0.0089,-0.0023,0.0001,255
39,-0.7718,-0.3922,0.0822,-0.1047,-0.0695,0.0186,-0.054,-0.0803,-0.0317,0.0247,0.0255,0.0037,0.0104,0.0102,-0.03,-0.0424,-0.1665,0.0614,-0.1806,-0.0036,0.0593,-0.3331,-0.1161,-0.0435,43.6183,0.027,-0.028,-0.7234,0.3995,0.8041,0.1693,0.0408,0.1216,30.8481,-0.0677,-0.051,0.1681,-0.0394,-0.8371,0.0262,1.1533,-0.0043,0.0123,-0.6203,488.4422,2530.9261,124.0988,0.0545,0.3265,-0.0257,-0.0221,-0.4729,0.0267,0.119,-0.0588,464.5395,4.7978,-0.0102,-0.2491,-0.0032,-0.0634,1000
40,-0.8695,-0.6448,0.0264,-0.1128,-0.0457,-0.0187,-0.0339,-0.0441,-0.0164,0.015,0.0158,-0.0029,-0.0004,0.0061,-0.0285,-0.0237,-0.1542,0.0344,-0.1629,-0.0293,0.038,-0.3085,-0.1145,-0.0396,21.888,0.0188,-0.0367,-0.7625,0.6745,-0.5445,0.2318,0.0129,0.0214,-36.3268,-0.0305,-0.0271,0.3085,-0.0265,-0.6251,0.0016,1.0464,0.0101,-0.043,-0.9045,15062.5123,-2165.6365,6608.1059,0.0515,0.6341,0.012,0.009,-0.5876,0.0417,-0.1581,-0.0008,9692.4181,10.536,-0.0001,-0.7224,0.002,-0.0068,1002
41,-0.1551,-0.3228,-0.0003,-0.0884,-0.0559,0.0063,-0.0422,-0.0607,-0.0222,0.0188,0.0197,0.0009,0.0055,-0.0061,0.0022,-0.0301,-0.0278,0.0363,-0.1751,0.0029,0.0411,-0.0556,-0.1088,-0.0361,55.5754,0.0177,-0.0318,-0.1369,0.7839,3.4388,0.181,-0.0042,0.0526,-115.6636,-0.0392,-0.0348,0.3307,-0.0353,-0.2802,-0.0125,-1.5802,0.0134,-0.1602,-0.7513,159850.1262,790240.6282,51745.5706,0.0487,2.06,0.039,0.0308,-0.4109,0.0572,-0.236,-0.0014,117907.6131,20.9432,-0.0001,-0.2597,-0.0012,-0.0006,1003
42,-0.5338,-0.4864,-0.0082,-0.1068,-0.057,-0.01,-0.0346,-0.0505,-0.0224,0.0136,0.0151,-0.0013,0.001,0.0011,-0.0152,-0.0156,-0.1037,0.0261,-0.1594,-0.0079,0.028,-0.2073,-0.099,-0.0409,36.7246,0.0216,-0.0434,-0.6119,0.2349,-0.0888,0.1005,0.0215,-0.0137,-60.7596,-0.023,-0.0176,0.0939,-0.0171,-0.6156,0.0144,-1.6479,0.0135,-0.1201,-0.7586,27916.0104,152715.5372,6703.6187,0.0503,-1.113,0.0109,0.0045,-0.4515,0.0324,-0.1359,-0.0018,24297.169,8.9093,-0.0,-0.5391,0.0005,-0.0017,1005
43,-0.4087,-0.8614,0.0239,-0.1656,-0.111,0.0235,-0.082,-0.1146,-0.0446,0.0363,0.0381,0.0048,0.0142,-0.0121,0.0082,-0.058,-0.0836,0.0714,-0.3022,0.0114,0.0824,-0.1672,-0.1837,-0.0692,73.195,0.0263,-0.0473,-0.4514,2.0943,11.9843,0.5295,0.0187,0.2082,-20.3402,-0.088,-0.0874,0.9505,-0.0767,-0.8374,-0.0037,0.9101,0.0119,-0.0196,-0.1602,30779.6343,155131.2549,9281.3638,0.0111,1.2978,0.0143,0.0015,0.0942,-0.009,-0.1008,-0.0063,27555.5281,18.8397,-0.001,-0.4798,-0.0053,-0.0074,1006
44,-0.1793,-0.3851,0.0278,-0.1097,-0.0706,0.0142,-0.0565,-0.0821,-0.029,0.0259,0.0268,0.0039,0.0107,-0.0137,0.0095,-0.0443,-0.022,0.0577,-0.2233,0.0147,0.0631,-0.0441,-0.1406,-0.0451,160.5126,0.022,-0.0328,-0.1583,1.3376,8.2826,0.2299,-0.0056,0.1098,-103.3352,-0.0517,-0.0504,0.5967,-0.0477,-0.4294,-0.0136,0.2921,-0.0211,-0.0355,0.1077,78327.1872,532072.8785,12782.1889,-0.0422,2.453,0.0036,0.0049,0.1032,-0.0197,0.0063,-0.0017,76431.9394,0.0376,-0.0,-0.267,-0.0045,-0.0004,1007
45,-0.1839,-0.8521,0.0006,-0.1706,-0.0983,0.0043,-0.0683,-0.0907,-0.0368,0.0292,0.0311,0.0022,0.0088,-0.006,0.0009,-0.0429,-0.0324,0.0578,-0.267,0.0008,0.0744,-0.0647,-0.1624,-0.0672,284.6158,0.0246,-0.0536,-0.1729,1.022,6.3114,0.1916,0.0016,0.0726,-153.3632,-0.0559,-0.0504,0.4537,-0.0468,-0.4595,-0.0071,8.8112,0.0353,-0.1759,-0.198,193158.9903,1325913.211,32386.8276,-0.0125,2.4747,0.0119,0.0109,-0.0089,-0.0042,-0.1359,-0.0021,182157.1469,20.0339,-0.0001,-0.6222,-0.0032,-0.001,1008
46,-0.6712,-0.3127,0.1022,-0.1048,-0.0715,0.0151,-0.0561,-0.0805,-0.0294,0.0255,0.0265,0.0019,0.0081,-0.0164,0.0114,-0.0429,-0.1249,0.0541,-0.2192,0.0146,0.0639,-0.2498,-0.1361,-0.0441,285.6322,0.0193,-0.0325,-0.5791,1.4278,6.3567,0.3662,0.0214,0.1126,-58.3487,-0.0501,-0.0499,0.6328,-0.0476,-0.7024,0.006,3.6994,0.0145,-0.1421,-0.555,187330.1946,1005332.4577,49910.3446,0.0306,3.4042,0.0111,0.0091,-0.2681,0.0192,-0.0787,-0.0021,179179.7235,24.4197,-0.0001,-0.5459,-0.0025,-0.0016,1009
47,-0.1129,-0.4114,0.0047,-0.0917,-0.0627,0.0118,-0.0476,-0.0626,-0.0234,0.0212,0.0223,0.0025,0.0078,-0.0095,0.01,-0.0343,-0.0161,0.0429,-0.1812,0.0148,0.0573,-0.0321,-0.1082,-0.0386,28.1901,0.0129,-0.0235,-0.1612,0.7206,4.2156,0.1343,-0.0032,0.0853,-35.8187,-0.0465,-0.0406,0.3178,-0.0378,-0.3816,-0.0104,-1.7659,-0.008,-0.0934,-0.0382,15238.9746,105262.2699,2577.3956,-0.0163,-1.171,-0.0014,-0.003,0.0508,-0.0116,-0.0116,-0.0045,14118.1519,0.4635,-0.0001,-0.2504,-0.0026,-0.0018,1010
48,-0.1909,-2.8968,-0.2455,-0.1808,-0.0736,-0.0111,-0.0477,-0.0666,-0.0284,0.0196,0.0213,0.0004,0.0044,-0.0005,-0.0124,-0.0255,-0.035,0.0362,-0.2116,-0.0119,0.0437,-0.07,-0.1305,-0.0636,201.2728,0.0248,-0.0612,-0.2462,0.5219,3.2279,0.0973,0.0023,0.013,-185.1042,-0.0348,-0.03,0.2208,-0.0284,-0.412,-0.0032,11.532,0.0724,-0.2482,-0.4765,126253.6788,743119.494,37744.5972,0.026,1.7318,0.0067,0.0051,-0.2713,0.0191,-0.2453,-0.001,111316.4622,39.9721,-0.0,-0.6183,-0.0013,-0.001,1011
49,-0.7355,0.1015,0.0191,-0.0373,-0.0464,0.0194,-0.0357,-0.0481,-0.0175,0.0161,0.0168,0.0006,0.0043,-0.0125,0.0178,-0.0264,-0.1407,0.0249,-0.1246,0.0199,0.0297,-0.2815,-0.0709,-0.0209,60.5707,0.0141,-0.0209,-0.7063,0.6761,0.6007,0.2308,0.0239,0.0578,-103.8723,-0.0299,-0.0279,0.2941,-0.0269,-0.6386,0.0122,1.2191,0.0112,-0.1004,-0.9272,77195.1694,352408.2371,19308.5586,0.0727,0.9992,0.0084,0.0062,-0.5422,0.047,-0.1047,-0.0011,70936.7154,11.8457,-0.0,-0.2304,-0.0006,-0.0002,1012
50,0.1527,0.0542,-0.0099,-0.0401,-0.0485,0.0142,-0.0331,-0.0455,-0.0187,0.014,0.015,0.0019,0.0054,-0.0079,0.0118,-0.0198,0.0186,0.0238,-0.1125,0.0134,0.0299,0.0373,-0.0586,-0.0222,24.7017,0.0144,-0.0214,0.0891,0.3663,3.3168,0.0574,-0.0028,0.0369,-104.2,-0.0273,-0.0225,0.1572,-0.0212,-0.1217,-0.0058,-0.4336,-0.0055,-0.0433,-0.0759,14726.3089,117181.7403,3152.2745,-0.0009,1.7679,0.016,0.0127,0.0502,0.0061,-0.0708,-0.0006,14116.2624,-3.1089,0.0,-0.138,-0.0024,0.0002,1013
51,-0.3646,0.7573,0.0631,-0.0154,-0.0596,0.0315,-0.043,-0.0553,-0.0214,0.0188,0.0199,0.0024,0.0074,-0.0183,0.026,-0.029,-0.0772,0.0214,-0.1221,0.0273,0.0211,-0.1544,-0.0573,-0.0187,23.644,0.0129,-0.0142,-0.3375,0.6703,2.5199,0.1995,0.0122,0.0788,-78.2822,-0.036,-0.0317,0.2947,-0.0302,-0.4149,0.0017,-1.6922,-0.0087,0.031,0.0155,25671.5954,144672.0933,5377.2073,0.0222,0.1533,0.0108,0.0074,-0.0036,0.0164,-0.034,-0.0016,23725.2333,1.746,-0.0,0.0715,-0.0024,0.0018,1014
52,-0.5789,-0.6041,0.0819,-0.1372,-0.0744,0.0073,-0.0569,-0.0821,-0.03,0.0256,0.0267,0.0019,0.0079,-0.0113,0.002,-0.0418,-0.1074,0.0509,-0.2335,0.0046,0.0577,-0.2148,-0.1478,-0.0529,328.1049,0.0235,-0.0445,-0.4802,1.3117,6.1936,0.3062,0.0146,0.0966,-108.7485,-0.0524,-0.0493,0.5737,-0.049,-0.6508,0.0018,6.9697,0.0066,-0.0702,-0.4394,162756.2172,988667.4975,32742.4687,0.033,4.852,0.0055,0.0047,-0.1345,0.0126,-0.0554,-0.0013,157076.2014,21.8349,-0.0001,-0.4435,-0.0028,-0.0008,1015
53,0.1095,-0.3485,0.0445,-0.0902,-0.0808,0.0267,-0.0598,-0.0803,-0.0306,0.0265,0.0278,0.0052,0.0126,-0.0102,0.016,-0.0422,0.0053,0.0516,-0.1986,0.0201,0.0587,0.0106,-0.1128,-0.0427,41.8707,0.0164,-0.0228,0.1699,1.2004,8.1038,0.2283,-0.0004,0.1276,-28.2728,-0.057,-0.0521,0.5289,-0.0482,-0.1943,-0.0091,1.1192,0.0035,0.0062,0.0458,10793.1455,99870.0609,-465.2708,0.0091,1.2185,0.0123,0.0153,0.1884,0.0071,-0.0152,-0.0021,12819.967,-3.836,-0.0001,-0.0621,-0.0057,0.0004,1016
54,-0.0466,-0.554,-0.0004,-0.115,-0.0577,-0.0089,-0.0371,-0.0481,-0.021,0.0152,0.0165,0.0009,0.0042,0.0009,-0.0145,-0.0198,-0.0121,0.0283,-0.1594,-0.0107,0.0396,-0.0242,-0.1004,-0.0432,28.7842,0.0162,-0.0391,-0.0936,0.4106,2.4694,0.0861,0.003,0.016,-77.6625,-0.0299,-0.0248,0.1692,-0.0238,-0.2303,-0.0023,-1.4795,0.0035,-0.1222,-0.2161,38803.3927,214033.4725,10836.2791,-0.0063,-0.6005,0.0086,-0.0001,-0.1638,0.0017,-0.1219,-0.0016,18430.1123,6.2282,-0.0001,-0.2478,-0.0019,-0.0006,1017
55,-0.1081,-0.4462,0.0149,-0.1076,-0.0581,-0.0037,-0.0412,-0.0569,-0.0222,0.0179,0.0189,0.0015,0.006,-0.001,-0.0102,-0.027,-0.0233,0.0351,-0.1779,-0.0067,0.0381,-0.0467,-0.1145,-0.0414,58.9207,0.0238,-0.0428,-0.0612,0.5794,2.5205,0.1355,-0.0056,0.0226,-50.5786,-0.0338,-0.0283,0.225,-0.0305,-0.1963,-0.0128,0.1354,0.0051,-0.0615,-0.604,47005.6825,204068.0834,15222.4228,0.0493,2.1615,0.0352,0.0274,-0.2507,0.0543,-0.1777,-0.0009,37669.4517,6.4339,-0.0001,-0.2239,-0.0027,-0.001,1018
56,-0.4132,-0.5788,0.0138,-0.1311,-0.0555,-0.0225,-0.0397,-0.0547,-0.0212,0.0173,0.0183,-0.0005,0.0035,0.0071,-0.0307,-0.0266,-0.083,0.0425,-0.1948,-0.0269,0.0458,-0.1661,-0.1353,-0.0466,17.1524,0.0244,-0.0446,-0.3789,0.4847,0.2359,0.1895,0.012,-0.0123,-32.8738,-0.0256,-0.0229,0.212,-0.0222,-0.3457,0.0017,-0.7234,-0.0251,-0.031,-0.5122,25573.4539,81197.0973,12434.7957,0.0199,0.6074,0.0212,0.0058,-0.3912,0.0203,-0.0934,-0.0007,9823.8608,18.8115,0.0,-0.3965,-0.0005,-0.0035,1019
57,-0.1709,-0.4803,-0.0181,-0.1199,-0.0637,-0.0103,-0.0447,-0.0606,-0.0233,0.0192,0.0205,0.0021,0.007,0.0005,-0.0134,-0.0286,-0.0325,0.0389,-0.1979,-0.0111,0.0405,-0.065,-0.1289,-0.0459,38.8535,0.0264,-0.0456,-0.1802,0.5358,2.1745,0.1463,-0.0009,0.0121,-81.2271,-0.0332,-0.0283,0.2187,-0.0283,-0.2884,-0.009,-1.8618,-0.0058,-0.0113,-0.3436,71139.5605,368515.816,24823.5853,0.0166,0.5071,0.0289,0.0229,-0.1451,0.0316,-0.2172,-0.0015,50427.0591,71.0646,-0.0001,-0.2169,-0.003,-0.0006,1020
58,0.0916,-0.3652,0.0092,-0.1022,-0.0792,-0.0012,-0.044,-0.056,-0.0279,0.0163,0.0185,0.0016,0.0049,-0.0003,-0.006,-0.0154,0.0068,0.0253,-0.1587,-0.002,0.0313,0.0136,-0.0886,-0.0454,6.0393,0.023,-0.0437,0.0299,0.1349,1.4314,0.0111,-0.0036,-0.0253,-41.1475,-0.0176,-0.0133,0.0562,-0.0114,-0.0901,-0.0049,-2.1282,-0.0069,-0.0305,0.1776,135.7381,18052.0813,-350.2688,-0.0165,-1.05,0.0027,0.0023,-0.0118,-0.0034,-0.0478,-0.0021,315.1092,-0.2962,0.0,-0.2751,-0.0026,-0.0004,1021
59,-0.0974,-0.6244,0.0089,-0.1119,-0.0653,0.001,-0.0412,-0.0555,-0.0243,0.0167,0.0182,0.0015,0.0054,-0.0046,-0.001,-0.0212,-0.0285,0.0258,-0.1607,0.0023,0.0308,-0.0571,-0.0938,-0.0443,55.3261,0.0174,-0.0402,-0.1189,0.3732,2.347,0.0932,0.008,0.016,-220.7576,-0.0289,-0.0235,0.1632,-0.0219,-0.26,0.0024,-4.5952,0.0068,-0.1115,-0.5908,113576.6656,591975.744,39828.7029,0.0266,-1.9434,0.016,0.0123,-0.2479,0.0208,-0.1265,-0.0017,97984.8567,14.6785,-0.0,-0.236,-0.0021,0.0001,1022
60,-0.0503,-0.388,0.0398,-0.0801,-0.0538,0.0054,-0.038,-0.053,-0.0205,0.0164,0.0174,0.0027,0.0069,-0.0024,-0.0011,-0.0245,-0.0082,0.0303,-0.1503,-0.0058,0.0361,-0.0164,-0.0902,-0.0335,52.9757,0.0163,-0.0309,-0.0218,0.6128,3.4661,0.1179,-0.0073,0.0565,-22.2489,-0.0397,-0.0341,0.2546,-0.0334,-0.2083,-0.014,-1.232,-0.0199,-0.0003,0.1523,34536.8852,198620.5594,7704.2913,-0.0256,0.6956,0.0285,0.0222,0.1245,0.0069,-0.1148,-0.0027,29195.4787,2.5561,-0.0003,-0.1628,-0.0028,-0.0018,1023
61,-0.4761,-0.626,0.0063,-0.1162,-0.0614,0.0012,-0.0422,-0.0572,-0.0233,0.018,0.0192,0.0012,0.0052,-0.0047,-0.0032,-0.0259,-0.0828,0.0288,-0.1733,-0.0019,0.034,-0.1656,-0.1071,-0.0444,84.0362,0.0202,-0.0455,-0.4819,0.5925,1.747,0.1485,0.01,0.0297,-267.9455,-0.0342,-0.0294,0.2537,-0.029,-0.535,0.0024,-4.9278,0.0037,-0.099,-0.9645,161458.2106,725391.4004,53222.644,0.0674,1.4015,0.0331,0.0275,-0.4331,0.056,-0.1694,-0.0013,137369.8114,14.3566,-0.0,-0.413,-0.0019,-0.0004,1024
62,-0.0938,-0.4697,-0.0127,-0.085,-0.0766,0.0244,-0.0529,-0.0693,-0.0281,0.0226,0.0241,0.0025,0.0079,-0.0134,0.0211,-0.0327,-0.0238,0.0294,-0.1758,0.0193,0.0326,-0.0476,-0.0917,-0.0404,170.388,0.0177,-0.0362,-0.1091,0.7341,5.0154,0.1447,0.0046,0.0873,-110.9931,-0.0495,-0.042,0.3051,-0.0409,-0.3869,-0.0038,-2.4943,-0.0046,-0.0317,-0.3058,116503.7443,781295.8994,24467.0047,0.0135,0.2741,0.0077,0.0039,-0.1596,0.008,-0.0455,-0.0027,106909.8461,10.1859,-0.0001,-0.3234,-0.0028,-0.0006,1025
63,0.1893,-0.3789,0.0567,-0.0701,-0.0533,0.0203,-0.0419,-0.0615,-0.0218,0.019,0.0198,0.0025,0.0077,-0.0144,0.0166,-0.0319,0.0303,0.0352,-0.1592,0.0277,0.0334,0.0605,-0.0984,-0.0309,37.7128,0.0194,-0.0306,0.2429,0.9242,7.1297,0.1499,-0.0154,0.0759,-44.0092,-0.04,-0.0369,0.3917,-0.0365,-0.0806,-0.02,0.3499,0.0193,-0.072,-0.1394,21468.2398,145322.5466,4367.0416,0.0,-0.2118,-0.0014,-0.0011,-0.0863,0.0019,-0.0703,-0.0023,20534.6763,2.5765,-0.0,-0.1036,-0.0025,0.0004,1026
64,-0.3397,-0.4069,-0.0477,-0.0915,-0.0475,-0.0064,-0.0363,-0.0529,-0.0188,0.0163,0.017,-0.0006,0.0031,-0.0006,-0.0106,-0.0265,-0.0685,0.0332,-0.1726,-0.0112,0.0275,-0.1369,-0.1149,-0.0347,152.7032,0.0226,-0.0395,-0.3714,0.5919,2.2126,0.1779,0.013,0.0202,-132.6182,-0.0326,-0.0283,0.2309,-0.0296,-0.4616,0.0032,-3.3683,0.0056,-0.0177,-0.7564,255800.2714,1084704.5824,94077.9699,0.0813,0.3284,0.0207,0.013,-0.3743,0.0578,-0.1555,-0.0013,202215.307,46.7432,-0.0001,-0.508,0.0007,-0.0011,1027
65,-0.226,-0.3097,-0.0429,-0.0736,-0.0394,0.0019,-0.0305,-0.0441,-0.0155,0.0138,0.0144,-0.0001,0.0031,-0.0042,-0.002,-0.0226,-0.0473,0.0254,-0.1392,-0.001,0.0272,-0.0946,-0.0897,-0.0283,231.3504,0.0168,-0.0313,-0.2398,0.6244,2.786,0.1542,0.0086,0.0317,-272.0471,-0.03,-0.0265,0.2567,-0.0278,-0.3396,0.0007,-13.0204,-0.0132,-0.0405,-0.6445,467831.8816,2990662.5176,100433.5603,0.0389,-1.0092,0.0195,0.0171,-0.3311,0.0338,-0.098,-0.0016,440921.6381,45.1885,-0.0,-0.2415,-0.0001,-0.0003,1028
66,-0.3062,-0.7431,0.0194,-0.1341,-0.0892,0.0113,-0.0576,-0.0746,-0.0326,0.0236,0.0256,0.0022,0.0072,-0.0074,0.0095,-0.0309,-0.0522,0.0381,-0.2048,0.0095,0.0548,-0.1044,-0.1142,-0.0558,146.2737,0.0181,-0.0441,-0.3098,0.6044,3.2096,0.1105,0.0017,0.0491,-174.8693,-0.0437,-0.0368,0.2653,-0.0339,-0.4785,-0.0046,-1.0244,0.0124,-0.1703,-0.5587,82371.0316,630920.5008,10122.3806,0.0105,-0.7752,0.0098,0.0086,-0.3076,0.0114,-0.1055,-0.0025,80798.0094,10.1646,-0.0,-0.5372,-0.0031,-0.0006,1029
67,-0.0545,-0.5978,0.0453,-0.1235,-0.0676,0.0125,-0.0515,-0.0701,-0.0262,0.0231,0.0242,0.0033,0.0094,-0.0122,0.0085,-0.0378,-0.0001,0.0407,-0.1974,0.0083,0.0525,-0.0003,-0.1216,-0.0478,219.9355,0.0188,-0.04,0.0236,1.1538,9.2005,0.1566,-0.0073,0.0839,-251.6109,-0.0444,-0.0419,0.5302,-0.04,-0.3212,-0.0113,7.6726,0.0201,-0.1049,-0.0676,164951.3809,1354642.2884,24480.4779,-0.0257,5.4456,0.0095,0.0086,0.048,-0.0158,-0.0796,-0.0008,157820.9722,-2.0822,-0.0,-0.2042,-0.0038,-0.0,1030
68,-0.6145,-0.64,0.0365,-0.1298,-0.0788,0.0099,-0.0556,-0.0768,-0.0302,0.024,0.0255,0.0024,0.0083,-0.0103,0.0064,-0.0359,-0.114,0.041,-0.2191,0.0108,0.0436,-0.2281,-0.1314,-0.0522,184.0498,0.0229,-0.0489,-0.6028,0.8551,2.6735,0.2487,0.0172,0.0523,-140.4156,-0.0452,-0.0398,0.3714,-0.0392,-0.6759,0.0044,2.3029,0.0246,-0.1884,-1.068,136973.3959,700347.1679,41349.6475,0.0703,2.9759,0.0299,0.0258,-0.4646,0.0552,-0.1834,-0.0017,126392.0759,27.0374,-0.0001,-0.3288,-0.003,-0.0006,1031
69,-0.0819,-0.6671,-0.0103,-0.1119,-0.0828,0.0025,-0.0476,-0.0539,-0.0255,0.0182,0.0203,0.0034,0.007,-0.0005,-0.0054,-0.0195,-0.0134,0.026,-0.1515,-0.0019,0.0337,-0.0268,-0.0889,-0.0487,16.4968,0.0198,-0.0464,-0.1354,0.3152,1.9274,0.0486,-0.0047,0.0168,-13.3554,-0.0333,-0.0246,0.1179,-0.0242,-0.2802,-0.0092,-0.5824,-0.0098,-0.0634,0.0528,3353.5687,34951.7517,-163.9707,-0.0347,0.2014,0.0037,0.0076,-0.055,-0.0087,-0.0471,-0.0012,4089.9917,-0.1189,0.0001,-0.299,-0.0056,-0.0022,1034
70,-0.1779,-0.5748,0.1028,-0.1217,-0.0539,-0.0027,-0.0426,-0.0653,-0.0232,0.0194,0.0202,0.0035,0.0091,-0.0022,-0.0074,-0.0327,-0.0436,0.045,-0.1829,-0.0015,0.0432,-0.0872,-0.1241,-0.0439,87.1324,0.0216,-0.0393,0.0149,1.2503,5.4076,0.3009,0.0003,0.0641,-67.4617,-0.0372,-0.0357,0.5602,-0.0358,-0.1284,-0.0089,0.6759,-0.0133,-0.047,-0.0532,59931.2039,337374.7061,13856.2517,0.0092,1.4053,0.0057,0.0031,0.0433,0.001,0.0301,-0.0008,53861.8419,-0.2155,-0.0,0.0235,-0.0048,0.0001,1035
71,-0.3498,-0.2819,0.0136,-0.0802,-0.054,0.0262,-0.0433,-0.0786,-0.0266,0.0199,0.0206,0.0041,0.0093,-0.0017,-0.0208,-0.0346,-0.0849,0.0586,-0.1656,-0.0043,0.0579,-0.1698,-0.1134,-0.0335,34.1514,0.0202,-0.0183,-0.3371,0.3095,0.9783,0.1706,0.0288,0.0842,23.6869,-0.0467,-0.0361,0.1331,-0.0282,-0.4342,0.0139,0.6501,-0.0104,0.0271,-0.2052,480.7293,2544.5025,162.5636,0.024,1.7132,0.0061,0.0083,-0.0563,0.0155,0.0305,-0.0301,462.0386,-3.1107,0.0013,-0.2034,-0.0041,-0.018,2000
72,-0.2985,-0.6263,0.017,-0.1042,-0.046,-0.0104,-0.0335,-0.0456,-0.0168,0.0147,0.0155,0.0001,0.0036,0.0027,-0.0175,-0.0229,-0.0541,0.0318,-0.1472,-0.0164,0.0293,-0.1082,-0.0985,-0.0375,11.4304,0.0226,-0.0367,-0.1983,0.6054,1.8289,0.1514,-0.0039,0.013,-28.1446,-0.0281,-0.0228,0.2666,-0.0252,-0.2449,-0.0105,-0.626,0.0063,-0.0276,-0.6785,5233.132,27204.7806,901.4422,0.0398,-0.122,0.01,0.0035,-0.3961,0.028,-0.1324,-0.0014,4600.359,3.4121,0.0001,-0.2528,-0.0012,-0.0033,2002
73,0.1434,-0.26,-0.0288,-0.0811,-0.0563,0.0098,-0.0424,-0.0578,-0.0211,0.0189,0.0198,0.002,0.0062,-0.0071,0.0063,-0.03,0.0287,0.0359,-0.1653,0.0062,0.0507,0.0573,-0.1,-0.0343,94.8318,0.0166,-0.0281,0.1098,0.745,5.275,0.1133,-0.0119,0.0608,-64.2192,-0.0406,-0.0356,0.3093,-0.0362,-0.1566,-0.0173,-2.3653,-0.0067,-0.0236,0.2258,24724.0687,455568.7831,-25324.7934,-0.0152,1.3125,0.0289,0.0309,0.2136,0.0113,-0.1337,-0.0021,86175.2696,4.3602,-0.0001,-0.3048,-0.0028,-0.0008,2003
74,-0.6513,-0.6388,-0.0105,-0.0957,-0.0551,0.0027,-0.0308,-0.0466,-0.0221,0.0115,0.013,-0.0007,0.001,-0.004,0.0019,-0.0108,-0.1119,0.0159,-0.1284,0.0029,0.018,-0.2239,-0.0692,-0.0377,45.9628,0.016,-0.0412,-0.7074,0.203,-0.4964,0.0921,0.0183,-0.0116,-31.7966,-0.0174,-0.0143,0.0892,-0.0128,-0.6661,0.0126,-1.5266,0.0118,-0.1507,-0.6906,28947.6979,155153.0974,7183.8951,0.0301,-1.4132,0.0146,0.0108,-0.3384,0.0245,-0.1298,-0.0028,25975.3368,8.665,-0.0001,-0.508,0.0,-0.0016,2005
75,-0.2861,-0.6849,0.0352,-0.1534,-0.1015,0.018,-0.0734,-0.1105,-0.0435,0.0321,0.0339,0.0045,0.0131,-0.0074,-0.0008,-0.0496,-0.049,0.0704,-0.2819,0.0038,0.0775,-0.098,-0.1722,-0.0637,71.5582,0.0245,-0.0417,-0.3374,2.1061,11.2797,0.4129,0.0043,0.1978,-9.3013,-0.08,-0.0802,0.97,-0.0702,-0.6655,-0.0109,1.4037,0.0086,-0.0306,-0.4054,38458.0768,204807.122,9530.5842,0.0163,1.2777,0.0119,0.0065,-0.0427,0.0058,-0.0263,-0.0054,26852.7275,3.5714,-0.0014,-0.2963,-0.0049,-0.008,2006
76,-0.3647,-0.4736,0.0556,-0.1106,-0.0713,0.0164,-0.0543,-0.0772,-0.0286,0.0243,0.0254,0.0027,0.0087,-0.0132,0.014,-0.0396,-0.057,0.0512,-0.2046,0.0176,0.0562,-0.114,-0.123,-0.0455,174.4772,0.0179,-0.0315,-0.3404,1.2673,7.9843,0.1955,-0.0001,0.113,-66.4126,-0.0508,-0.0493,0.5649,-0.0459,-0.5928,-0.007,3.7376,-0.0001,-0.0436,0.0313,61972.2847,463453.8545,6994.4921,0.0003,3.2476,0.0049,0.0051,0.0051,0.0024,-0.0468,-0.0019,62108.0205,8.7551,-0.0001,-0.3487,-0.003,-0.0011,2007
77,-0.1543,-0.6224,-0.0204,-0.1062,-0.0764,0.0173,-0.0502,-0.0702,-0.0292,0.0208,0.0225,0.0032,0.0083,-0.0103,0.0164,-0.028,-0.0318,0.0299,-0.1804,0.0146,0.036,-0.0635,-0.0982,-0.0456,357.3885,0.0183,-0.0421,-0.1741,0.7793,5.2538,0.1442,0.0033,0.074,-51.3955,-0.0463,-0.0401,0.3261,-0.0396,-0.4371,-0.0042,-3.3236,0.0088,-0.0587,-0.4605,220476.4556,1583504.7951,37949.3716,0.0397,-0.5429,0.0098,0.0104,-0.2066,0.0283,-0.0788,-0.0031,213690.5858,17.1033,-0.0001,-0.2341,-0.0037,-0.0004,2008
78,-0.6852,-0.5316,0.0377,-0.0985,-0.0661,0.0221,-0.0497,-0.0754,-0.0283,0.0222,0.0232,0.0018,0.0068,-0.0183,0.0196,-0.0358,-0.1074,0.0395,-0.1872,0.0211,0.0425,-0.2149,-0.1106,-0.0411,270.5818,0.0179,-0.0362,-0.6218,1.3011,6.212,0.2577,0.006,0.1067,-54.0999,-0.0459,-0.0451,0.5659,-0.0441,-0.7378,-0.0035,0.4179,-0.0048,-0.0203,-0.2908,138202.3615,906438.4031,24549.2455,0.0282,3.4151,0.013,0.0119,-0.0664,0.0181,-0.0666,-0.0023,136489.0081,13.8697,-0.0001,-0.5625,-0.0022,-0.0016,2009
79,-0.0239,-0.321,0.0039,-0.0755,-0.0786,0.0251,-0.0549,-0.0718,-0.0297,0.0236,0.0251,0.0027,0.0081,-0.011,0.0156,-0.0354,-0.0129,0.0436,-0.1797,0.0148,0.0545,-0.0258,-0.0959,-0.0385,31.0585,0.0152,-0.025,-0.0494,0.7309,4.7354,0.152,0.0019,0.1024,-29.7742,-0.0528,-0.0453,0.3129,-0.0413,-0.3244,-0.0071,-2.0806,-0.0107,-0.0772,-0.2554,15063.1,103741.1755,2960.7093,-0.0021,-1.188,0.0079,0.0026,-0.0987,-0.0049,-0.053,-0.0055,13551.2833,0.3302,-0.0001,-0.5158,-0.003,-0.0042,2010
80,-0.5086,-0.7397,-0.0649,-0.1344,-0.0561,-0.0125,-0.0354,-0.0509,-0.0217,0.0142,0.0156,-0.0004,0.0019,0.002,-0.0156,-0.0174,-0.0862,0.026,-0.1729,-0.0132,0.0334,-0.1725,-0.1084,-0.0476,187.2392,0.0212,-0.0484,-0.5887,0.378,1.2999,0.1022,0.014,-0.0013,-121.5231,-0.0261,-0.0224,0.1566,-0.0214,-0.6353,0.0077,2.3915,0.0289,-0.1196,-0.6163,92549.3287,603261.5279,17711.3428,0.0403,-0.1637,0.011,0.009,-0.3399,0.0294,-0.1394,-0.0014,89495.0871,22.9462,-0.0,-0.5837,-0.0005,-0.0008,2011
81,-0.4369,-0.1581,-0.0032,-0.0338,-0.0432,0.0223,-0.0327,-0.0458,-0.017,0.0146,0.0153,0.0014,0.0048,-0.0135,0.0215,-0.0238,-0.0956,0.0225,-0.1057,0.0166,0.0252,-0.1911,-0.0564,-0.0193,58.7086,0.0104,-0.0171,-0.4112,0.639,1.0997,0.2367,0.0191,0.0593,-81.2422,-0.027,-0.0258,0.2813,-0.0246,-0.4089,0.0077,-3.5606,-0.0098,-0.0829,-0.6664,67210.1745,309387.9761,16448.7676,0.0513,0.5467,0.0165,0.0153,-0.2298,0.0342,-0.0412,-0.0019,63591.9686,5.3498,-0.0,-0.3093,-0.0014,-0.0006,2012
82,-0.1671,-0.2814,0.0057,-0.062,-0.0465,0.0083,-0.0317,-0.0441,-0.0182,0.0135,0.0144,0.0022,0.0055,-0.0048,0.0053,-0.0193,-0.0133,0.0262,-0.1186,0.0036,0.0324,-0.0266,-0.0655,-0.0271,35.0818,0.0143,-0.0239,-0.2392,0.3429,2.2204,0.0244,-0.0092,0.0259,-93.7529,-0.0232,-0.0202,0.1538,-0.0182,-0.347,-0.0098,-0.9316,0.0014,-0.0469,-0.1054,21895.1065,152454.9039,2696.4299,-0.0085,0.2769,0.0095,0.0078,0.0183,-0.002,-0.0484,-0.001,21160.2015,-3.3921,0.0,-0.2277,-0.0027,-0.0002,2013
83,0.0093,0.0851,0.0022,-0.0198,-0.0487,0.0268,-0.0369,-0.0476,-0.0176,0.0165,0.0173,0.0022,0.0067,-0.0143,0.0222,-0.0267,-0.0068,0.0222,-0.1097,0.0203,0.0231,-0.0136,-0.0559,-0.0171,31.4913,0.0113,-0.0124,0.0628,0.6568,4.3599,0.1121,-0.006,0.0765,-54.7592,-0.034,-0.0299,0.2814,-0.0292,-0.1347,-0.0109,-0.9156,0.0032,-0.0165,-0.0915,28100.0721,154250.248,6312.86,0.0211,-0.0003,0.0021,0.0014,-0.0184,0.0122,-0.0435,-0.0019,25433.2455,2.4713,-0.0001,-0.0612,-0.0021,0.0009,2014
84,-0.3335,-0.4813,0.0105,-0.0826,-0.0658,0.0249,-0.0492,-0.0715,-0.0265,0.0219,0.023,0.0024,0.0077,-0.0178,0.0229,-0.0349,-0.0649,0.0311,-0.1739,0.0236,0.0258,-0.1298,-0.0986,-0.0371,252.1399,0.0199,-0.0398,-0.2989,1.1286,5.6675,0.2549,0.0062,0.095,-123.6909,-0.0464,-0.043,0.4762,-0.0439,-0.4942,-0.0044,-2.9505,-0.0024,-0.018,-0.167,150432.8704,955069.4517,29215.617,0.0301,2.0709,0.025,0.0229,0.0843,0.0272,-0.0995,-0.0025,147547.7767,16.3238,-0.0001,-0.3158,-0.0026,-0.0006,2015
85,-0.549,-0.4375,0.0777,-0.1134,-0.0908,0.0151,-0.0641,-0.0814,-0.0332,0.0277,0.0294,0.0031,0.0096,-0.0062,0.0012,-0.0422,-0.11,0.0564,-0.2213,0.0101,0.0713,-0.2201,-0.1291,-0.0511,36.4894,0.0178,-0.0285,-0.4575,1.1053,4.1653,0.292,0.0212,0.1079,-28.3475,-0.055,-0.0506,0.5004,-0.0449,-0.582,0.0073,0.7919,0.0068,-0.0158,-0.354,1915.9167,24887.2813,-3997.4598,0.0262,0.7599,0.0092,0.0168,0.0005,0.0152,-0.0104,-0.0026,10443.604,-9.5103,-0.0001,-0.5254,-0.0039,-0.0041,2016
86,-0.1748,-0.3694,-0.0106,-0.0867,-0.0588,0.0042,-0.0378,-0.0531,-0.023,0.0154,0.0168,0.0006,0.0039,-0.0045,-0.0008,-0.0197,-0.0323,0.0249,-0.1464,0.0013,0.0338,-0.0646,-0.084,-0.0364,22.8652,0.0159,-0.0339,-0.1991,0.4826,2.3049,0.1056,0.0031,0.0333,-79.58,-0.033,-0.0267,0.2071,-0.0271,-0.3269,-0.0027,-4.787,-0.0069,-0.0662,-0.3825,36574.3999,227322.6392,6474.653,0.0119,-0.8035,0.0262,0.0225,-0.1205,0.0209,-0.1559,-0.0026,31675.2569,6.1846,-0.0001,-0.3369,-0.0009,-0.0008,2017
87,-0.0142,-0.4217,0.0289,-0.115,-0.0709,0.0003,-0.0534,-0.074,-0.0275,0.0238,0.0249,0.0035,0.0095,-0.0026,-0.0069,-0.0382,0.0014,0.0532,-0.2168,-0.0038,0.0587,0.0027,-0.1398,-0.0465,58.882,0.026,-0.0418,0.0296,0.8625,4.8286,0.1445,-0.0161,0.0491,-76.9469,-0.0439,-0.039,0.3539,-0.0395,-0.1927,-0.0221,-0.9118,-0.0081,-0.0365,-0.0338,33349.0231,223540.2757,4372.2992,-0.0009,1.2734,0.0153,0.0153,0.0545,0.011,-0.0535,-0.0015,28554.5401,0.8026,-0.0,-0.2631,-0.0047,-0.0007,2018
88,-0.333,-0.3391,0.0154,-0.0907,-0.0482,-0.0051,-0.0381,-0.0609,-0.0211,0.0174,0.0181,0.0006,0.0048,-0.0024,-0.0078,-0.0291,-0.0593,0.0434,-0.171,-0.0067,0.0427,-0.1187,-0.1155,-0.0347,15.6155,0.0229,-0.0331,-0.3406,0.7045,2.0307,0.1895,0.0088,0.0263,-38.4005,-0.0298,-0.0274,0.2712,-0.0292,-0.3881,0.0001,0.0192,0.012,-0.122,-0.6276,12980.6616,71693.9714,1803.8843,0.0174,-0.4012,-0.0077,-0.0099,-0.5393,0.012,-0.0424,-0.0013,11032.5356,1.5908,0.0002,-0.323,-0.001,-0.0016,2019
89,-0.3949,-0.3436,0.018,-0.1019,-0.0567,-0.0066,-0.0427,-0.0627,-0.0228,0.019,0.0199,-0.0006,0.0042,-0.0002,-0.0099,-0.0302,-0.0927,0.0464,-0.1858,-0.0071,0.0521,-0.1854,-0.1222,-0.0397,46.1771,0.0222,-0.033,-0.3999,0.632,1.062,0.2846,0.0284,0.021,-51.4593,-0.0312,-0.0282,0.2625,-0.0284,-0.4007,0.0123,-1.8526,0.0083,-0.1032,-0.18,39860.2841,56992.3391,21715.8012,0.0221,0.0784,0.0067,0.0073,-0.0724,0.0163,-0.095,-0.0022,36111.8714,23.0505,0.0,-0.3837,0.0004,-0.0012,2020
90,-0.5714,-0.6905,0.0348,-0.1054,-0.0785,0.0001,-0.0418,-0.0571,-0.0296,0.0151,0.0172,0.0016,0.0043,-0.002,-0.0046,-0.0127,-0.1041,0.0214,-0.1577,-0.002,0.0273,-0.2082,-0.0876,-0.046,20.2824,0.0214,-0.0476,-0.6661,0.138,-0.5625,0.0602,0.0162,-0.0313,-31.0528,-0.0166,-0.0127,0.0591,-0.011,-0.6347,0.0116,-1.076,0.0079,-0.1314,-0.6512,7352.2931,25724.7286,2213.1315,0.012,-0.745,0.0162,0.0137,-0.2673,0.0129,-0.1384,-0.0026,6135.9384,1.2768,-0.0,-0.4069,-0.0027,-0.0018,2021
91,-0.1683,-0.3622,-0.0024,-0.0701,-0.0555,0.0117,-0.0351,-0.0463,-0.0205,0.0142,0.0155,0.0019,0.0051,-0.0061,0.0095,-0.0179,-0.0298,0.019,-0.1186,0.0109,0.0241,-0.0596,-0.0633,-0.0314,82.1843,0.0126,-0.0281,-0.1953,0.3285,1.811,0.0572,0.0006,0.0319,-118.2812,-0.0282,-0.0217,0.134,-0.0212,-0.3152,-0.003,-7.8281,-0.0021,-0.0966,-0.6447,63177.4483,464641.3783,10596.655,0.0349,-2.2585,0.0138,0.0132,-0.3112,0.0298,-0.0653,-0.0024,60349.5511,1.4103,-0.0,-0.2253,-0.0025,-0.0003,2022
92,0.1309,-0.098,0.0535,-0.0657,-0.0567,0.0123,-0.0405,-0.0572,-0.0216,0.0175,0.0186,0.0025,0.0066,-0.0053,0.0064,-0.0262,0.023,0.0333,-0.1539,0.0095,0.0428,0.046,-0.0884,-0.0306,54.8245,0.0177,-0.0254,0.1643,0.6612,4.5661,0.1173,-0.0146,0.0608,-17.41,-0.0413,-0.0351,0.2861,-0.0342,-0.0732,-0.0207,-1.6681,-0.0084,-0.0192,0.4557,43657.8837,264008.4217,10298.036,-0.0267,-0.3208,0.0209,0.0136,0.237,-0.0028,-0.1275,-0.0037,35247.9794,5.0767,-0.0002,-0.2756,-0.0027,-0.0017,2023
93,-0.4382,-0.4915,0.0024,-0.1003,-0.057,0.0027,-0.0385,-0.0532,-0.0221,0.0162,0.0174,0.0006,0.0039,-0.004,-0.0008,-0.0228,-0.073,0.0278,-0.1533,-0.0006,0.0348,-0.146,-0.0931,-0.0393,50.1146,0.0165,-0.0363,-0.4477,0.5377,2.102,0.109,0.0056,0.0299,-234.4239,-0.0307,-0.0267,0.2329,-0.0258,-0.5134,-0.0,-11.0689,-0.0051,-0.0848,-0.5787,134749.4253,800730.1251,29220.0917,0.0485,-3.4956,0.0155,0.0118,-0.2788,0.0374,-0.1137,-0.0021,120276.3027,13.7385,-0.0,-0.4665,-0.0008,-0.0005,2024
94,-0.4171,-0.4324,-0.0361,-0.0779,-0.0827,0.0306,-0.0558,-0.0752,-0.0308,0.0235,0.0252,0.0033,0.009,-0.0178,0.0284,-0.033,-0.0714,0.0292,-0.1789,0.0262,0.0355,-0.1428,-0.0879,-0.0402,181.8358,0.0155,-0.0335,-0.4526,0.8286,4.4274,0.17,0.0067,0.1026,-121.9306,-0.0529,-0.0452,0.3552,-0.0436,-0.6573,-0.0028,-6.6579,-0.0244,0.0163,-0.326,114696.8877,773539.1725,20498.0435,0.0156,-0.0207,0.0219,0.0202,-0.0282,0.0172,-0.0406,-0.0034,109997.0513,5.5386,-0.0001,-0.3387,-0.0037,-0.0006,2025
95,-0.5019,-0.304,0.1019,-0.0762,-0.0569,0.0132,-0.0433,-0.0675,-0.0245,0.0194,0.0203,0.0016,0.0064,-0.0109,0.0077,-0.0315,-0.0918,0.0412,-0.1692,0.0179,0.0409,-0.1836,-0.1052,-0.0333,26.3288,0.0229,-0.0332,-0.4144,0.8658,1.8697,0.2554,0.0026,0.0577,-34.627,-0.0361,-0.0335,0.3615,-0.0337,-0.4314,-0.0087,1.0437,0.0317,-0.067,-0.3928,11446.4973,27594.3046,3882.7622,0.0459,0.7147,0.0098,0.0078,-0.2389,0.0344,-0.15,-0.0017,10680.7547,2.817,0.0001,-0.3158,-0.002,-0.002,2026
96,-0.2871,-0.3449,-0.0042,-0.0948,-0.0498,-0.0002,-0.0398,-0.0545,-0.0187,0.0181,0.0189,0.0003,0.0044,-0.0034,-0.0026,-0.0303,-0.0613,0.0394,-0.1711,0.0003,0.053,-0.1226,-0.1109,-0.0362,122.7449,0.0184,-0.0303,-0.2868,0.647,2.7378,0.1839,0.0129,0.0377,-157.1363,-0.0337,-0.0308,0.2706,-0.0301,-0.3791,0.0023,-5.4851,-0.0127,0.011,0.1358,146928.4055,882353.222,32824.4031,0.0013,-0.305,0.0158,0.0142,0.1163,0.0091,-0.0816,-0.0012,128389.8854,14.3502,-0.0,-0.3761,-0.0007,-0.0005,2027
97,-0.5643,-0.2282,-0.0591,-0.0677,-0.0411,0.0075,-0.0325,-0.0458,-0.0157,0.0147,0.0154,0.0001,0.0031,-0.0069,0.0034,-0.0244,-0.0989,0.0265,-0.1367,0.0025,0.0336,-0.1978,-0.0853,-0.0272,206.3429,0.0157,-0.0271,-0.5694,0.6646,1.8311,0.1922,0.0158,0.0449,-352.2974,-0.0318,-0.0283,0.2778,-0.0294,-0.5802,0.0049,-16.8025,-0.024,0.0111,-0.6289,376690.7943,2380103.4279,75173.2104,0.0232,0.1976,0.0183,0.0163,-0.287,0.0235,-0.0757,-0.0015,362740.3977,38.3646,-0.0,-0.41,-0.0004,-0.0003,2028
98,-0.5355,-0.6852,-0.0169,-0.1235,-0.0899,0.0167,-0.0577,-0.0762,-0.0334,0.0236,0.0256,0.002,0.007,-0.0104,0.0159,-0.0309,-0.0934,0.0376,-0.1974,0.0155,0.047,-0.1867,-0.1068,-0.0533,130.2588,0.0185,-0.0425,-0.5566,0.6885,2.9125,0.1706,0.0126,0.0646,-204.053,-0.0457,-0.0387,0.3046,-0.0361,-0.6976,0.004,-2.6799,0.0145,-0.0946,-0.7367,91632.9541,610295.1438,15503.9878,0.0399,-2.6152,0.0066,0.0055,-0.3557,0.023,-0.0958,-0.0027,86263.5325,9.7629,-0.0,-0.6259,-0.0026,-0.0006,2029
99,-0.4709,-0.642,0.057,-0.0907,-0.066,0.0233,-0.0478,-0.0679,-0.0264,0.0209,0.0221,0.0021,0.0071,-0.0174,0.0207,-0.0323,-0.0778,0.0286,-0.1671,0.0209,0.0235,-0.1555,-0.0946,-0.0392,208.8454,0.0178,-0.0409,-0.3884,1.0531,5.59,0.2057,0.0053,0.087,-211.6727,-0.0431,-0.0396,0.4637,-0.039,-0.5722,-0.0026,-2.545,0.0003,-0.042,-0.4216,128558.2765,865196.7981,23625.9017,0.0202,1.4346,0.0157,0.0137,-0.0876,0.0134,-0.0765,-0.002,126685.1011,13.4449,-0.0,-0.3158,-0.0023,-0.0004,2030
100,-0.6027,-0.4548,-0.0053,-0.0802,-0.0604,0.0164,-0.0416,-0.0585,-0.0235,0.0177,0.0189,0.002,0.0062,-0.0088,0.0124,-0.0254,-0.1098,0.0247,-0.1498,0.0102,0.0254,-0.2195,-0.0838,-0.0351,134.6432,0.0157,-0.0345,-0.5988,0.6542,1.9141,0.185,0.0181,0.0572,-84.5579,-0.0375,-0.0326,0.2733,-0.0321,-0.6473,0.0079,-5.8235,-0.0162,-0.037,-1.0308,139419.9569,805078.4652,34769.0563,0.0692,-0.9011,0.0239,0.0208,-0.4719,0.0492,-0.0988,-0.0026,129218.0456,13.3486,-0.0001,-0.2905,-0.0022,-0.0007,2031
101,0.5059,-0.705,0.015,-0.1562,-0.1174,0.0033,-0.0702,-0.0742,-0.0345,0.0276,0.0304,0.0078,0.0144,0.0002,-0.0142,-0.0318,0.0991,0.0429,-0.2156,-0.0052,0.0625,0.1982,-0.1266,-0.0684,18.7622,0.0239,-0.0526,0.4408,0.5335,5.1524,0.0117,-0.0392,0.0381,-9.0024,-0.0456,-0.0364,0.2267,-0.0323,0.1125,-0.0396,-1.051,-0.0362,0.0327,0.5205,3841.7598,37348.5248,84.6856,-0.0525,0.3678,0.0278,0.0328,0.3245,0.0021,-0.044,-0.0038,3959.5005,-1.1983,-0.0005,-0.1123,-0.0107,-0.0008,2034
102,-0.1501,-0.4362,0.0981,-0.0704,-0.0486,0.0181,-0.037,-0.0606,-0.0223,0.0166,0.0173,0.003,0.0076,-0.0124,0.0148,-0.0268,-0.0319,0.0263,-0.1366,0.0157,0.0166,-0.0638,-0.0832,-0.0297,79.3475,0.0173,-0.0326,0.017,1.1501,4.3641,0.2761,-0.0069,0.0804,-63.9038,-0.0372,-0.0341,0.502,-0.0359,-0.1505,-0.0143,0.3048,-0.0108,-0.0583,-0.5627,41725.2719,267532.1918,6892.4862,0.0227,1.7461,0.0194,0.017,-0.2024,0.0191,-0.0608,-0.0011,39437.0983,1.8132,-0.0,-0.0514,-0.0036,-0.0003,2035
